id_angajat,id_biblioteca,nume_angajat,prenume_angajat,functie,email_angajat
1,1,Popescu,Andrei,Bibliotecar,andrei.popescu@biblioteca1.ro
2,1,Ionescu,Maria,Asistent,maria.ionescu@biblioteca1.ro
3,2,Dumitru,Elena,Manager,elena.dumitru@biblioteca2.ro
4,2,Georgescu,Paul,Bibliotecar,paul.georgescu@biblioteca2.ro
5,3,Radu,Ioana,Asistent,ioana.radu@biblioteca3.ro
6,3,Toma,Mihai,Coordonator,mihai.toma@biblioteca3.ro
7,1,Stan,Laura,Manager,laura.stan@biblioteca1.ro
8,2,Vasile,Cristina,Asistent,cristina.vasile@biblioteca2.ro
9,3,Ilie,Robert,Bibliotecar,robert.ilie@biblioteca3.ro
10,1,Marin,Sonia,Bibliotecar,sonia.marin@biblioteca1.ro
